Workbook

Sheet despliegues
A1: id | B1: fecha_commit | C1: fecha_despliegue | D1: exitoso | E1: horas_recuperacion | F1: lead_time_h | G1: dia_despliegue | H1: dia_commit | I1: fallido
A2: 1 | B2: 46265.995 | C2: 46266.578 | D2: si | E2: 0 | F2: =ROUND((C2-B2)*24,2) | G2: =CHOOSE(WEEKDAY(C2,2),"lunes","martes","miércoles","jueves","viernes","sábado","domingo") | H2: =CHOOSE(WEEKDAY(B2,2),"lunes","martes","miércoles","jueves","viernes","sábado","domingo") | I2: =IF(D2="no",1,0)
A3: 2 | B3: 46267.864 | C3: 46268.114 | D3: si | E3: 0 | F3: =ROUND((C3-B3)*24,2) | G3: =CHOOSE(WEEKDAY(C3,2),"lunes","martes","miércoles","jueves","viernes","sábado","domingo") | H3: =CHOOSE(WEEKDAY(B3,2),"lunes","martes","miércoles","jueves","viernes","sábado","domingo") | I3: =IF(D3="no",1,0)
A4: 3 | B4: 46269.036 | C4: 46269.453 | D4: no | E4: 5 | F4: =ROUND((C4-B4)*24,2) | G4: =CHOOSE(WEEKDAY(C4,2),"lunes","martes","miércoles","jueves","viernes","sábado","domingo") | H4: =CHOOSE(WEEKDAY(B4,2),"lunes","martes","miércoles","jueves","viernes","sábado","domingo") | I4: =IF(D4="no",1,0)
A5: 4 | B5: 46270.374 | C5: 46271.208 | D5: si | E5: 0 | F5: =ROUND((C5-B5)*24,2) | G5: =CHOOSE(WEEKDAY(C5,2),"lunes","martes","miércoles","jueves","viernes","sábado","domingo") | H5: =CHOOSE(WEEKDAY(B5,2),"lunes","martes","miércoles","jueves","viernes","sábado","domingo") | I5: =IF(D5="no",1,0)
A6: 5 | B6: 46270.435 | C6: 46272.435 | D6: si | E6: 0 | F6: =ROUND((C6-B6)*24,2) | G6: =CHOOSE(WEEKDAY(C6,2),"lunes","martes","miércoles","jueves","viernes","sábado","domingo") | H6: =CHOOSE(WEEKDAY(B6,2),"lunes","martes","miércoles","jueves","viernes","sábado","domingo") | I6: =IF(D6="no",1,0)
A7: 6 | B7: 46273.292 | C7: 46274.126 | D7: si | E7: 0 | F7: =ROUND((C7-B7)*24,2) | G7: =CHOOSE(WEEKDAY(C7,2),"lunes","martes","miércoles","jueves","viernes","sábado","domingo") | H7: =CHOOSE(WEEKDAY(B7,2),"lunes","martes","miércoles","jueves","viernes","sábado","domingo") | I7: =IF(D7="no",1,0)
A8: 7 | B8: 46273.462 | C8: 46275.462 | D8: si | E8: 0 | F8: =ROUND((C8-B8)*24,2) | G8: =CHOOSE(WEEKDAY(C8,2),"lunes","martes","miércoles","jueves","viernes","sábado","domingo") | H8: =CHOOSE(WEEKDAY(B8,2),"lunes","martes","miércoles","jueves","viernes","sábado","domingo") | I8: =IF(D8="no",1,0)
A9: 8 | B9: 46276.529 | C9: 46276.946 | D9: no | E9: 3 | F9: =ROUND((C9-B9)*24,2) | G9: =CHOOSE(WEEKDAY(C9,2),"lunes","martes","miércoles","jueves","viernes","sábado","domingo") | H9: =CHOOSE(WEEKDAY(B9,2),"lunes","martes","miércoles","jueves","viernes","sábado","domingo") | I9: =IF(D9="no",1,0)
A10: 9 | B10: 46278.482 | C10: 46278.732 | D10: si | E10: 0 | F10: =ROUND((C10-B10)*24,2) | G10: =CHOOSE(WEEKDAY(C10,2),"lunes","martes","miércoles","jueves","viernes","sábado","domingo") | H10: =CHOOSE(WEEKDAY(B10,2),"lunes","martes","miércoles","jueves","viernes","sábado","domingo") | I10: =IF(D10="no",1,0)
A11: 10 | B11: 46278.205 | C11: 46280.205 | D11: si | E11: 0 | F11: =ROUND((C11-B11)*24,2) | G11: =CHOOSE(WEEKDAY(C11,2),"lunes","martes","miércoles","jueves","viernes","sábado","domingo") | H11: =CHOOSE(WEEKDAY(B11,2),"lunes","martes","miércoles","jueves","viernes","sábado","domingo") | I11: =IF(D11="no",1,0)
A12: 11 | B12: 46280.608 | C12: 46281.441 | D12: si | E12: 0 | F12: =ROUND((C12-B12)*24,2) | G12: =CHOOSE(WEEKDAY(C12,2),"lunes","martes","miércoles","jueves","viernes","sábado","domingo") | H12: =CHOOSE(WEEKDAY(B12,2),"lunes","martes","miércoles","jueves","viernes","sábado","domingo") | I12: =IF(D12="no",1,0)
A13: 12 | B13: 46282.356 | C13: 46282.94 | D13: si | E13: 0 | F13: =ROUND((C13-B13)*24,2) | G13: =CHOOSE(WEEKDAY(C13,2),"lunes","martes","miércoles","jueves","viernes","sábado","domingo") | H13: =CHOOSE(WEEKDAY(B13,2),"lunes","martes","miércoles","jueves","viernes","sábado","domingo") | I13: =IF(D13="no",1,0)
... A21: 20 | B21: 46293.042 | C21: 46295.209 | D21: si | E21: 0 | F21: =ROUND((C21-B21)*24,2) | G21: =CHOOSE(WEEKDAY(C21,2),"lunes","martes","miércoles","jueves","viernes","sábado","domingo") | H21: =CHOOSE(WEEKDAY(B21,2),"lunes","martes","miércoles","jueves","viernes","sábado","domingo") | I21: =IF(D21="no",1,0)

Sheet metricas
A1: Métricas DORA (datos/despliegues.csv)
A3: Periodo (días) | B3: 28 | C3: Dato del enunciado
A4: Total de despliegues | B4: =COUNT(despliegues!$A$2:$A$21) | C4: Filas con id
A5: Despliegues fallidos | B5: =COUNTIF(despliegues!$D$2:$D$21,"no") | C5: exitoso = no
A7: Métrica | B7: Valor | C7: Fórmula | D7: Valor de control | E7: ¿Coincide?
A8: Frecuencia de despliegue (por día) | B8: =B4/B3 | C8: total / periodo
A9: Frecuencia de despliegue (por semana) | B9: =B8*7 | C9: por día × 7
A10: Lead time de cambios, mediana (h) | B10: =MEDIAN(despliegues!$F$2:$F$21) | C10: mediana de (despliegue - commit) en horas | D10: 20 | E10: =IF(ROUND(B10,6)=ROUND(D10,6),"sí","no")
A11: Tasa de fallo de cambios | B11: =B5/B4 | C11: fallidos / total | D11: 0.2 | E11: =IF(ROUND(B11,6)=ROUND(D11,6),"sí","no")
A12: Tiempo de recuperación, promedio (h) | B12: =AVERAGEIF(despliegues!$D$2:$D$21,"no",despliegues!$E$2:$E$21) | C12: promedio de horas_recuperacion de los fallidos | D12: 4.5 | E12: =IF(ROUND(B12,6)=ROUND(D12,6),"sí","no")
A14: Leyenda: azul = dato de entrada; negro = fórmula.

Sheet por_dia
A1: Día del despliegue | B1: Despliegues | C1: Fallidos | D1: Tasa de fallo
A2: lunes | B2: =COUNTIF(despliegues!$G$2:$G$21,A2) | C2: =COUNTIFS(despliegues!$G$2:$G$21,A2,despliegues!$D$2:$D$21,"no") | D2: =IF(B2=0,0,C2/B2)
A3: martes | B3: =COUNTIF(despliegues!$G$2:$G$21,A3) | C3: =COUNTIFS(despliegues!$G$2:$G$21,A3,despliegues!$D$2:$D$21,"no") | D3: =IF(B3=0,0,C3/B3)
A4: miércoles | B4: =COUNTIF(despliegues!$G$2:$G$21,A4) | C4: =COUNTIFS(despliegues!$G$2:$G$21,A4,despliegues!$D$2:$D$21,"no") | D4: =IF(B4=0,0,C4/B4)
A5: jueves | B5: =COUNTIF(despliegues!$G$2:$G$21,A5) | C5: =COUNTIFS(despliegues!$G$2:$G$21,A5,despliegues!$D$2:$D$21,"no") | D5: =IF(B5=0,0,C5/B5)
A6: viernes | B6: =COUNTIF(despliegues!$G$2:$G$21,A6) | C6: =COUNTIFS(despliegues!$G$2:$G$21,A6,despliegues!$D$2:$D$21,"no") | D6: =IF(B6=0,0,C6/B6)
A7: sábado | B7: =COUNTIF(despliegues!$G$2:$G$21,A7) | C7: =COUNTIFS(despliegues!$G$2:$G$21,A7,despliegues!$D$2:$D$21,"no") | D7: =IF(B7=0,0,C7/B7)
A8: domingo | B8: =COUNTIF(despliegues!$G$2:$G$21,A8) | C8: =COUNTIFS(despliegues!$G$2:$G$21,A8,despliegues!$D$2:$D$21,"no") | D8: =IF(B8=0,0,C8/B8)
A9: Total | B9: =SUM(B2:B8) | C9: =SUM(C2:C8) | D9: =IF(B9=0,0,C9/B9)
A11: Lunes a jueves (ventana de la política) | B11: =SUM(B2:B5) | C11: =SUM(C2:C5) | D11: =IF(B11=0,0,C11/B11)
A12: Viernes a domingo (fuera de la ventana) | B12: =SUM(B6:B8) | C12: =SUM(C6:C8) | D12: =IF(B12=0,0,C12/B12)
